{"San Diego State": 0.0066666666666666671, "Michigan State": 0.10000000000000001, "Minnesota": 0.012500000000000001, "Illinois": 0.01, "Virginia Commonwealth": 0.013333333333333334, "Indiana": 0.25, "Texas": 0.002, "Kansas": 0.10000000000000001, "Florida State": 0.001, "Harvard": 0.001, "Utah State": 0.001, "West Virginia": 0.001, "UMass": 0.001, "Ole Miss": 0.001, "BYU": 0.001, "South Carolina": 0.001, "DePaul": 0.001, "Missouri": 0.02, "Xavier": 0.002, "Clemson": 0.001, "Long Beach State": 0.001, "Cincinnati": 0.01, "Washington": 0.001, "Murray State": 0.001, "Gonzaga": 0.125, "Miami (FL)": 0.125, "South Florida": 0.001, "Villanova": 0.0033333333333333335, "Belmont": 0.002, "Butler": 0.013333333333333334, "Maryland": 0.0013333333333333333, "Arizona": 0.040000000000000001, "Iowa": 0.001, "Pittsburgh": 0.016666666666666666, "Michigan": 0.14285714285714285, "Purdue": 0.001, "Colorado State": 0.01, "Oregon": 0.01, "LSU": 0.001, "Saint John's": 0.001, "LaSalle": 0.002, "Syracuse": 0.066666666666666666, "Northwestern": 0.001, "Florida": 0.16666666666666666, "Saint Joseph's": 0.001, "Baylor": 0.0033333333333333335, "Saint Mary's": 0.0050000000000000001, "Kentucky": 0.01, "Ohio": 0.001, "Iowa State": 0.0066666666666666671, "Seton Hall": 0.001, "Dayton": 0.001, "North Carolina": 0.016666666666666666, "Georgia Tech": 0.001, "Marquette": 0.013333333333333334, "Virginia Tech": 0.001, "Oklahoma": 0.0080000000000000002, "Richmond": 0.001, "Providence": 0.001, "Louisville": 0.10000000000000001, "Arkansas": 0.002, "New Mexico": 0.025000000000000001, "Temple": 0.002, "Davidson": 0.002, "Oklahoma State": 0.02, "Wichita State": 0.013333333333333334, "Vanderbilt": 0.001, "Southern Miss": 0.001, "Oregon State": 0.001, "California": 0.01, "George Mason": 0.001, "Memphis": 0.01, "Georgia": 0.001, "Saint Louis": 0.040000000000000001, "Rutgers": 0.001, "Notre Dame": 0.01, "Creighton": 0.0050000000000000001, "Duke": 0.14285714285714285, "Colorado": 0.0025000000000000001, "Mississippi State": 0.001, "Marshall": 0.001, "UCLA": 0.016666666666666666, "Texas A&M": 0.001, "Nevada": 0.001, "Saint Bonaventure": 0.001, "North Carolina State": 0.016666666666666666, "USC": 0.001, "UNLV": 0.01, "Georgetown": 0.066666666666666666, "Virginia": 0.0040000000000000001, "Drexel": 0.001, "Northern Iowa": 0.001, "Ohio State": 0.040000000000000001, "Stanford": 0.001, "Field (any other team)": 0.02, "Wisconsin": 0.016666666666666666, "Alabama": 0.0050000000000000001, "Kansas State": 0.02, "Tennessee": 0.001}