{"Albany": {"final4": 0.001, "winner": 0.0, "elite8": 0.002, "sweet16": 0.0030000000000000001, "finalGame": 0.0}, "San Diego State": {"final4": 0.0030000000000000001, "winner": 0.0, "elite8": 0.012, "sweet16": 0.052999999999999999, "finalGame": 0.001}, "Michigan State": {"final4": 0.13, "winner": 0.025000000000000001, "elite8": 0.41499999999999998, "sweet16": 0.81400000000000006, "finalGame": 0.068000000000000005}, "Southern University": {"final4": 0.001, "winner": 0.0, "elite8": 0.001, "sweet16": 0.0040000000000000001, "finalGame": 0.0}, "Valparaiso": {"final4": 0.001, "winner": 0.0, "elite8": 0.002, "sweet16": 0.011000000000000001, "finalGame": 0.0}, "Oklahoma": {"final4": 0.002, "winner": 0.0, "elite8": 0.0080000000000000002, "sweet16": 0.035000000000000003, "finalGame": 0.001}, "Minnesota": {"final4": 0.0030000000000000001, "winner": 0.001, "elite8": 0.014999999999999999, "sweet16": 0.074999999999999997, "finalGame": 0.001}, "UNLV": {"final4": 0.0069999999999999993, "winner": 0.001, "elite8": 0.023, "sweet16": 0.18600000000000003, "finalGame": 0.002}, "NC A&T/Liberty": {"final4": 0.0, "winner": 0.0, "elite8": 0.001, "sweet16": 0.001, "finalGame": 0.0}, "Louisville": {"final4": 0.58599999999999997, "winner": 0.28399999999999997, "elite8": 0.8640000000000001, "sweet16": 0.95700000000000007, "finalGame": 0.45899999999999996}, "North Carolina State": {"final4": 0.0069999999999999993, "winner": 0.002, "elite8": 0.019, "sweet16": 0.044000000000000004, "finalGame": 0.0030000000000000001}, "Kansas State": {"final4": 0.039, "winner": 0.0030000000000000001, "elite8": 0.11900000000000001, "sweet16": 0.35399999999999998, "finalGame": 0.0080000000000000002}, "North Carolina A&T;": {"final4": 0.001, "winner": 0.0, "elite8": 0.001, "sweet16": 0.002, "finalGame": 0.0}, "Butler": {"final4": 0.019, "winner": 0.002, "elite8": 0.083000000000000004, "sweet16": 0.375, "finalGame": 0.0060000000000000001}, "Indiana": {"final4": 0.48700000000000004, "winner": 0.17100000000000001, "elite8": 0.75900000000000001, "sweet16": 0.92200000000000004, "finalGame": 0.32799999999999996}, "Temple": {"final4": 0.002, "winner": 0.0, "elite8": 0.0050000000000000001, "sweet16": 0.014999999999999999, "finalGame": 0.001}, "Bucknell": {"final4": 0.002, "winner": 0.0, "elite8": 0.0050000000000000001, "sweet16": 0.045999999999999999, "finalGame": 0.0}, "Georgetown": {"final4": 0.23300000000000001, "winner": 0.028999999999999998, "elite8": 0.51000000000000001, "sweet16": 0.88900000000000001, "finalGame": 0.079000000000000001}, "Arizona": {"final4": 0.017000000000000001, "winner": 0.002, "elite8": 0.052000000000000005, "sweet16": 0.28499999999999998, "finalGame": 0.0040000000000000001}, "Wisconsin": {"final4": 0.080000000000000002, "winner": 0.0060000000000000001, "elite8": 0.27800000000000002, "sweet16": 0.57600000000000007, "finalGame": 0.017000000000000001}, "MTSU/St. Mary's": {"final4": 0.0, "winner": 0.0, "elite8": 0.0, "sweet16": 0.0, "finalGame": 0.0}, "Pittsburgh": {"final4": 0.0069999999999999993, "winner": 0.001, "elite8": 0.027000000000000003, "sweet16": 0.10199999999999999, "finalGame": 0.002}, "Michigan": {"final4": 0.11, "winner": 0.02, "elite8": 0.218, "sweet16": 0.64400000000000002, "finalGame": 0.040000000000000001}, "Kansas": {"final4": 0.40000000000000002, "winner": 0.093000000000000013, "elite8": 0.6409999999999999, "sweet16": 0.873, "finalGame": 0.19}, "Colorado State": {"final4": 0.001, "winner": 0.0, "elite8": 0.0040000000000000001, "sweet16": 0.0090000000000000011, "finalGame": 0.001}, "Oregon": {"final4": 0.0040000000000000001, "winner": 0.001, "elite8": 0.012, "sweet16": 0.14000000000000001, "finalGame": 0.002}, "Iowa State": {"final4": 0.0030000000000000001, "winner": 0.0, "elite8": 0.01, "sweet16": 0.028999999999999998, "finalGame": 0.001}, "Wichita State": {"final4": 0.001, "winner": 0.0, "elite8": 0.0050000000000000001, "sweet16": 0.022000000000000002, "finalGame": 0.0}, "Harvard": {"final4": 0.001, "winner": 0.0, "elite8": 0.002, "sweet16": 0.011000000000000001, "finalGame": 0.001}, "California": {"final4": 0.002, "winner": 0.0, "elite8": 0.0040000000000000001, "sweet16": 0.029999999999999999, "finalGame": 0.001}, "Davidson": {"final4": 0.001, "winner": 0.0, "elite8": 0.0030000000000000001, "sweet16": 0.027999999999999997, "finalGame": 0.0}, "Boise/La Salle": {"final4": 0.001, "winner": 0.0, "elite8": 0.002, "sweet16": 0.0080000000000000002, "finalGame": 0.0}, "Ohio State": {"final4": 0.45100000000000001, "winner": 0.055999999999999994, "elite8": 0.69099999999999995, "sweet16": 0.879, "finalGame": 0.125}, "Memphis": {"final4": 0.011000000000000001, "winner": 0.002, "elite8": 0.048000000000000001, "sweet16": 0.153, "finalGame": 0.0040000000000000001}, "Syracuse": {"final4": 0.075999999999999998, "winner": 0.011000000000000001, "elite8": 0.17399999999999999, "sweet16": 0.75, "finalGame": 0.027999999999999997}, "Ole Miss": {"final4": 0.0030000000000000001, "winner": 0.001, "elite8": 0.011000000000000001, "sweet16": 0.044999999999999998, "finalGame": 0.001}, "Florida": {"final4": 0.183, "winner": 0.025000000000000001, "elite8": 0.40299999999999997, "sweet16": 0.78500000000000003, "finalGame": 0.062}, "Saint Louis": {"final4": 0.026000000000000002, "winner": 0.0040000000000000001, "elite8": 0.069000000000000006, "sweet16": 0.53500000000000003, "finalGame": 0.011000000000000001}, "Akron": {"final4": 0.001, "winner": 0.0, "elite8": 0.002, "sweet16": 0.014999999999999999, "finalGame": 0.0}, "Saint Mary's": {"final4": 0.001, "winner": 0.0, "elite8": 0.002, "sweet16": 0.01, "finalGame": 0.0}, "Oklahoma State": {"final4": 0.0080000000000000002, "winner": 0.001, "elite8": 0.028999999999999998, "sweet16": 0.28899999999999998, "finalGame": 0.0030000000000000001}, "VCU": {"final4": 0.025000000000000001, "winner": 0.002, "elite8": 0.075999999999999998, "sweet16": 0.312, "finalGame": 0.0050000000000000001}, "Missouri": {"final4": 0.0030000000000000001, "winner": 0.001, "elite8": 0.011000000000000001, "sweet16": 0.023, "finalGame": 0.002}, "New Mexico State": {"final4": 0.001, "winner": 0.0, "elite8": 0.002, "sweet16": 0.022000000000000002, "finalGame": 0.0}, "Cincinnati": {"final4": 0.002, "winner": 0.0, "elite8": 0.0080000000000000002, "sweet16": 0.035000000000000003, "finalGame": 0.001}, "Illinois": {"final4": 0.0060000000000000001, "winner": 0.002, "elite8": 0.027000000000000003, "sweet16": 0.069000000000000006, "finalGame": 0.0030000000000000001}, "Western Kentucky": {"final4": 0.001, "winner": 0.0, "elite8": 0.002, "sweet16": 0.0040000000000000001, "finalGame": 0.001}, "Notre Dame": {"final4": 0.011000000000000001, "winner": 0.001, "elite8": 0.036000000000000004, "sweet16": 0.07400000000000001, "finalGame": 0.0030000000000000001}, "Creighton": {"final4": 0.0030000000000000001, "winner": 0.0, "elite8": 0.016, "sweet16": 0.067000000000000004, "finalGame": 0.001}, "FGCU": {"final4": 0.001, "winner": 0.0, "elite8": 0.002, "sweet16": 0.0060000000000000001, "finalGame": 0.0}, "Northwestern State": {"final4": 0.001, "winner": 0.0, "elite8": 0.002, "sweet16": 0.0060000000000000001, "finalGame": 0.0}, "Duke": {"final4": 0.21600000000000003, "winner": 0.072999999999999995, "elite8": 0.498, "sweet16": 0.88200000000000001, "finalGame": 0.151}, "Villanova": {"final4": 0.0030000000000000001, "winner": 0.001, "elite8": 0.0080000000000000002, "sweet16": 0.023, "finalGame": 0.001}, "Colorado": {"final4": 0.002, "winner": 0.0, "elite8": 0.0069999999999999993, "sweet16": 0.021000000000000001, "finalGame": 0.001}, "South Dakota State": {"final4": 0.001, "winner": 0.0, "elite8": 0.002, "sweet16": 0.012, "finalGame": 0.0}, "Belmont": {"final4": 0.001, "winner": 0.0, "elite8": 0.0050000000000000001, "sweet16": 0.040999999999999995, "finalGame": 0.0}, "UCLA": {"final4": 0.01, "winner": 0.002, "elite8": 0.036000000000000004, "sweet16": 0.11599999999999999, "finalGame": 0.0040000000000000001}, "North Carolina": {"final4": 0.016, "winner": 0.0050000000000000001, "elite8": 0.037999999999999999,