{"Albany": {"final4": 0.001, "winner": 0.0, "elite8": 0.002, "sweet16": 0.0040000000000000001, "finalGame": 0.0}, "San Diego State": {"final4": 0.0030000000000000001, "winner": 0.001, "elite8": 0.013000000000000001, "sweet16": 0.052000000000000005, "finalGame": 0.001}, "Michigan State": {"final4": 0.14000000000000001, "winner": 0.027000000000000003, "elite8": 0.40500000000000003, "sweet16": 0.78799999999999992, "finalGame": 0.072999999999999995}, "Southern University": {"final4": 0.001, "winner": 0.0, "elite8": 0.002, "sweet16": 0.0040000000000000001, "finalGame": 0.0}, "Valparaiso": {"final4": 0.001, "winner": 0.0, "elite8": 0.0030000000000000001, "sweet16": 0.011000000000000001, "finalGame": 0.0}, "Oklahoma": {"final4": 0.002, "winner": 0.0, "elite8": 0.0090000000000000011, "sweet16": 0.036000000000000004, "finalGame": 0.001}, "Minnesota": {"final4": 0.0040000000000000001, "winner": 0.001, "elite8": 0.016, "sweet16": 0.081000000000000003, "finalGame": 0.001}, "UNLV": {"final4": 0.0080000000000000002, "winner": 0.001, "elite8": 0.025000000000000001, "sweet16": 0.188, "finalGame": 0.002}, "Louisville": {"final4": 0.54799999999999993, "winner": 0.251, "elite8": 0.84999999999999998, "sweet16": 0.94200000000000006, "finalGame": 0.41899999999999998}, "North Carolina State": {"final4": 0.0080000000000000002, "winner": 0.002, "elite8": 0.022000000000000002, "sweet16": 0.048000000000000001, "finalGame": 0.0030000000000000001}, "Kansas State": {"final4": 0.044000000000000004, "winner": 0.0030000000000000001, "elite8": 0.121, "sweet16": 0.35299999999999998, "finalGame": 0.01}, "Butler": {"final4": 0.022000000000000002, "winner": 0.0030000000000000001, "elite8": 0.090999999999999998, "sweet16": 0.36599999999999999, "finalGame": 0.0080000000000000002}, "Indiana": {"final4": 0.46899999999999997, "winner": 0.16399999999999998, "elite8": 0.73099999999999998, "sweet16": 0.90000000000000002, "finalGame": 0.308}, "Temple": {"final4": 0.002, "winner": 0.0, "elite8": 0.0050000000000000001, "sweet16": 0.016, "finalGame": 0.001}, "Bucknell": {"final4": 0.002, "winner": 0.0, "elite8": 0.0050000000000000001, "sweet16": 0.034000000000000002, "finalGame": 0.0}, "Georgetown": {"final4": 0.24100000000000002, "winner": 0.031, "elite8": 0.52500000000000002, "sweet16": 0.87, "finalGame": 0.084000000000000005}, "Arizona": {"final4": 0.02, "winner": 0.0030000000000000001, "elite8": 0.062, "sweet16": 0.30199999999999999, "finalGame": 0.0050000000000000001}, "Wisconsin": {"final4": 0.085999999999999993, "winner": 0.0069999999999999993, "elite8": 0.27600000000000002, "sweet16": 0.55799999999999994, "finalGame": 0.019}, "MTSU/St. Mary's": {"final4": 0.001, "winner": 0.0, "elite8": 0.002, "sweet16": 0.0090000000000000011, "finalGame": 0.0}, "Pittsburgh": {"final4": 0.0069999999999999993, "winner": 0.001, "elite8": 0.025000000000000001, "sweet16": 0.096000000000000002, "finalGame": 0.002}, "Michigan": {"final4": 0.13100000000000001, "winner": 0.026000000000000002, "elite8": 0.245, "sweet16": 0.66599999999999993, "finalGame": 0.050999999999999997}, "Kansas": {"final4": 0.38700000000000001, "winner": 0.098000000000000004, "elite8": 0.60599999999999998, "sweet16": 0.84799999999999998, "finalGame": 0.19600000000000001}, "Colorado State": {"final4": 0.001, "winner": 0.0, "elite8": 0.0040000000000000001, "sweet16": 0.01, "finalGame": 0.001}, "Oregon": {"final4": 0.0050000000000000001, "winner": 0.002, "elite8": 0.013999999999999999, "sweet16": 0.14699999999999999, "finalGame": 0.0030000000000000001}, "Iowa State": {"final4": 0.0030000000000000001, "winner": 0.001, "elite8": 0.011000000000000001, "sweet16": 0.028999999999999998, "finalGame": 0.001}, "Wichita State": {"final4": 0.002, "winner": 0.0, "elite8": 0.0050000000000000001, "sweet16": 0.024, "finalGame": 0.001}, "Harvard": {"final4": 0.001, "winner": 0.0, "elite8": 0.002, "sweet16": 0.012, "finalGame": 0.0}, "California": {"final4": 0.002, "winner": 0.0, "elite8": 0.0040000000000000001, "sweet16": 0.031, "finalGame": 0.001}, "Davidson": {"final4": 0.001, "winner": 0.0, "elite8": 0.0030000000000000001, "sweet16": 0.023, "finalGame": 0.0}, "Boise/La Salle": {"final4": 0.001, "winner": 0.0, "elite8": 0.002, "sweet16": 0.0080000000000000002, "finalGame": 0.0}, "Ohio State": {"final4": 0.40500000000000003, "winner": 0.055, "elite8": 0.65000000000000002, "sweet16": 0.84799999999999998, "finalGame": 0.121}, "Memphis": {"final4": 0.013999999999999999, "winner": 0.002, "elite8": 0.054000000000000006, "sweet16": 0.16200000000000001, "finalGame": 0.0050000000000000001}, "Syracuse": {"final4": 0.08199999999999999, "winner": 0.013000000000000001, "elite8": 0.183, "sweet16": 0.72299999999999998, "finalGame": 0.031}, "Ole Miss": {"final4": 0.0040000000000000001, "winner": 0.001, "elite8": 0.012, "sweet16": 0.044999999999999998, "finalGame": 0.001}, "Florida": {"final4": 0.154, "winner": 0.024, "elite8": 0.36200000000000004, "sweet16": 0.74299999999999999, "finalGame": 0.055999999999999994}, "Saint Louis": {"final4": 0.023, "winner": 0.0040000000000000001, "elite8": 0.063, "sweet16": 0.46600000000000003, "finalGame": 0.0090000000000000011}, "Akron": {"final4": 0.001, "winner": 0.0, "elite8": 0.002, "sweet16": 0.014999999999999999, "finalGame": 0.0}, "Oklahoma State": {"final4": 0.01, "winner": 0.001, "elite8": 0.035000000000000003, "sweet16": 0.32700000000000001, "finalGame": 0.0040000000000000001}, "VCU": {"final4": 0.022000000000000002, "winner": 0.002, "elite8": 0.064000000000000001, "sweet16": 0.27000000000000002, "finalGame": 0.0050000000000000001}, "Missouri": {"final4": 0.0040000000000000001, "winner": 0.002, "elite8": 0.013000000000000001, "sweet16": 0.026000000000000002, "finalGame": 0.002}, "New Mexico State": {"final4": 0.001, "winner": 0.0, "elite8": 0.0030000000000000001, "sweet16": 0.027000000000000003, "finalGame": 0.0}, "Cincinnati": {"final4": 0.002, "winner": 0.0, "elite8": 0.0080000000000000002, "sweet16": 0.036000000000000004, "finalGame": 0.001}, "Illinois": {"final4": 0.0060000000000000001, "winner": 0.001, "elite8": 0.027999999999999997, "sweet16": 0.07400000000000001, "finalGame": 0.002}, "Western Kentucky": {"final4": 0.001, "winner": 0.0, "elite8": 0.002, "sweet16": 0.0030000000000000001, "finalGame": 0.001}, "Notre Dame": {"final4": 0.012, "winner": 0.001, "elite8": 0.042000000000000003, "sweet16": 0.088000000000000009, "finalGame": 0.0030000000000000001}, "Creighton": {"final4": 0.0040000000000000001, "winner": 0.001, "elite8": 0.018000000000000002, "sweet16": 0.070000000000000007, "finalGame": 0.001}, "FGCU": {"final4": 0.001, "winner": 0.0, "elite8": 0.002, "sweet16": 0.0060000000000000001, "finalGame": 0.0}, "Northwestern State": {"final4": 0.001, "winner": 0.0, "elite8": 0.002, "sweet16": 0.0069999999999999993, "finalGame": 0.0}, "Duke": {"final4": 0.23399999999999999, "winner": 0.079000000000000001, "elite8": 0.48899999999999999, "sweet16": 0.8640000000000001, "finalGame": 0.16300000000000001}, "NC A&T;/Liberty": {"final4": 0.001, "winner": 0.0, "elite8": 0.001, "sweet16": 0.0030000000000000001, "finalGame": 0.0}, "Villanova": {"final4": 0.0030000000000000001, "winner": 0.001, "elite8": 0.0090000000000000011, "sweet16": 0.025000000000000001, "finalGame": 0.001}, "Colorado": {"final4": 0.002, "winner": 0.0, "elite8": 0.0069999999999999993, "sweet16": 0.022000000000000002, "finalGame": 0.001}, "South Dakota State": {"final4": 0.001, "winner": 0.0, "elite8": 0.002, "sweet16": 0.012, "finalGame": 0.0}, "Belmont": {"final4": 0.001, "winner": 0.0, "elite8": 0.0050000000000000001, "sweet16": 0.036000000000000004, "finalGame": 0.0}, "UCLA": {"final4": 0.013000000000000001, "winner": 0.0030000000000000001, "elite8": 0.044000000000000004, "sweet16": 0.13200000000000001, "finalGame": 0.0060000000000000001}, "North Carolina": {"final4": 0.019, "winner": 0.0060000000000000001, "elite8": 0.042000000000000003, "sweet16": 0.090999999999999998, "finalGame": 0.01}, "Iona": {"final4": 0.001, "winner": 0.0, "elite8": 0.002,